"id","puntaje","comentario","valid_response"
6,1,"Nada m√°s que agregar
Solamente muchas gracias üòä",1
14,1,joya,1
15,1,üëèüèºüëèüèºüëèüèº‚ú®,1
16,1,"Todo muy rico, excelente servicio! Muchas gracias!",1
17,2,Todo en orden.,1
18,2,todo ok,1
19,3,todo ok,1
20,1,Todo ok,1
21,2,Todo de 10,1
22,2,Todo muy bien,1
23,1,Excelente disposici√≥n y ayuda...muy recomendable...ya envi√© otros clientes,1
24,1,"1",0
26,1,No,0
27,1,Ok,0
29,1,No,0
30,1,Si,0
31,1,"1",0
32,1,Si,0
33,1,No,0
34,1,Ok,0
35,1,"Es excelente la calidad de los productos, la facilidad  para gestionarlos, el precio y el servicio de transporte a domicilio.",1
36,2,El env√≠o siempre a sido r√°pido y nunca me falt√≥ alg√∫n producto comprado y las carnes son de muy buena calidad,1
37,2,Como compradora puedo decir q cuentan con productos accesibles y de calidad.,1
38,1,"La atenci√≥n es muy buena.
El servicio es r√°pido y eficaz en toda la l√≠nea
La carne es excelente
Los precios son adecuados
Por todo esto voy a seguir comprando all√≠",1
39,2,"Hasta ahora el servicio muy bien, el producto todav√≠a no lo he consumido para dar una respuesta al respecto  ni bien lo haga comento",1
40,2,S√≥lo me hubiera gustado que me respondan el mensaje que envi√© hoy a las 10 de la ma√±ana,1
41,1,"Es f√°cil para comprar, sin complicaciones.  R√°pido la entrega y muy buenos precios y productos.",1
42,1,No,0
43,2,Excelente atenci√≥n!,1
44,1,Muy buena calidad,1
45,3,Deber√≠a extender el.reparto,1
46,1,No,0
47,1,Ok,0
48,1,Siempre muy buena atenci√≥n.  Y productos de calidad,0
49,1,No,0
50,1,"Exelente, facil de hacer el oedido lleg√≥  rapidicimo, lo mejor de todo el productoüê∑üêΩ üòäüëçüëç",1
51,2,"Es un servicio, √°gil y c√≥modo.",1
52,1,"calidad, cordialidad, eficiencia",1
54,1,Es muy buena la calidad de la carne y la atenci√≥n es excelente.,1
55,2,La calidad de los productos siempre ha Sido de buena a muy buena. Mientras siga as√≠ continuar√© comprando. Saludos,1
56,1,Si,0
57,1,Eficiencia y calidad de los productos,1
58,2,Me gusta buena atenci√≥n y cumplidores,1
59,1,Bueno,0
60,1,"... quisiera  saber  como  se  logra  tener  unos  cupones  descuentos  ... les  consulte  por  gmail  hace tiempo  peeo  no  me  han  dado  datos  ...¬°!¬°!
Gracias  ...üçÅ",0
61,1,No,0
62,1,Holaaa,0
63,1,Excelente calidad y atenci√≥n,1
64,1,Siempre todo perfecto!,1
65,2,Si,0
66,1,"Rapidez en la entrega, cumplen con los plazos y productos de excelente calidad",1
67,1,"Productos de Calidad, excelente atenci√≥n online y personal.",1
68,1,Muy clara la p√°gina para saber que corte conviene comprar. Excelente el servicio a domicilio y los productos muy buenos. Y lo mejorves encontrar cortes que normalmente no encontr√°s en las carnicerias.,1
69,1,No,0
70,1,Maravilloso,1
71,2,Todo m√°s que bien üôåüèº,1
72,1,Todo muy bien üí™üèº,1
73,1,Todo de 10 üëèüèºüëèüèºüôåüèº‚ú®,1
74,1,"1",0
75,1,"1!!!",0
76,1,Todo OK,0
77,3,Sin haberlo cocinado,1
78,1,"P√°gina amigable, excelente mercaderia, atenci√≥n impecable!!!",1
79,1,Todo ok,1
80,1,Tomo muy bien üí™üèºüí™üèºüòÅ,1
81,1,"Es una exelente firma por servicio y productos .
Estoy esperando los cupones de descuento",1
82,1,"La verdad q realize un reclamo hoy ...sin esperar nada a cambio, solo era una critica constructiva .
Y me encontre con q no solo me escucharon si no q tuvieron una atencion para conmigo.
Q mas puede pedir un cliente....nada mas , mas q feliz !!!!
Y tengo q recatar q la atencion de las chicas en recepcion es genial , unos de sus puntos mas altos !!!!
Gracias y buen finde .",1
83,1,"Buena carne, buenos precios, buena atenci√≥n!",1
84,1,No se me ocurre nada. Muy buen servicio,1
85,1,Excelentes productos,1
86,1,Si,1
87,1,Si,1
88,1,"Buena calidad, buena atenci√≥n, super recomendable.",1
89,1,Si lo hare,1
90,1,Son muy confiables y venden productos de muy buena calidad.,1
91,1,Si,1
93,1,Todo en tiempo y forma y los productos muy bueno tendr√≠as q hacer una parte solo ofertas para agilizar,1
94,1,Si,1
95,1,Muy buena calidad y excelente el tiempo de env√≠o. .. realmente satisfecho,1
96,1,"Muy buena atenci√≥n, env√≠o a domicilio en t√©rmino y productos excelentes",1
97,1,Muy buen servicio. Agil,1
98,1,"1",0
99,2,No,0
100,2,Excelente calidad en carne de cerdo y vacuna.,1
101,2,No,0
102,1,No,0
104,2,"Si muy buena la calidad de la carne, brindan un buen servicio y el env√≠o gratis tambi√©n gana muchos puntos!!!",1
105,1,Si,0
106,1,"1",0
107,1,"1",0
108,1,Por ahora no,1
109,1,"Si,muy responsables y cumplidores.",1
119,1,"Ya compr√© 4 veces y en todas, la calidad de la carne es muy buena: tierna, fresca y sabrosa.",1
111,2,No,0
112,2,Excelente atenci√≥n y buenos precios,1
113,1,como siempre,1
114,2,Muy √∫til el servicio,1
115,1,Siempre compro y todo de calidad,1
116,2,üëçüèΩ,0
117,1,Calidad del producto,1
118,2,üëçüèª,0
120,2,"Es un sistema de venta muy c√≥modo, muy buena calidad productos, variedad  de cortes y especies. Fasil acceso para retirar.",1
125,1,Sali√≥ todo muy bien üí™üèº,1
121,2,Hola buen d√≠a disculpa sabes q compre carne y hice 2 compras y una no me aparece en Gmail  a ustedes le aparece,0
122,2,Hola hoy atienden?,0
123,1,üëç,0
124,1,Gracias!!,0
126,1,Todo muy bien üëèüèº,1
127,1,Super conforme. Muy buen servicio y siempre muy amables en la atenci√≥n,1
128,2,Muy buena presentaci√≥n y excelente HIGIENE.  Cuando disfrute de los Cortes le transmitir√© mi opini√≥n referida a la carne,1
129,1,"Exelente calidad
No pierdo tiempo en hacer colas
Pago con mercado pago
Y el tiempo de entrega es r√°pido....   Muchas gracias por sus servicios",1
130,2,"As√≠ est√° bien, lo recomiendo a mis amistades y conocidos",1
131,1,Sistema de ventas muy c√≥modo y pr√°ctico. Excelente distribuci√≥n y calidad de los productos. Para la parrilla hsy cortes que no es facil conseguir en carnicerias.,1
132,3,Las descripciones no son tan claras,1
133,1,"Estoy conforme con el servicio y la calidad del producto, qued√© siempre como un campe√≥n a la hora de cocinar as√≠ que gracias üòé",1
136,2,üëç,1
134,1,"2",0
135,1,No,0
137,2,Es r√°pido sin hacer colas y hay que ponerce de acuerdo con otras personas para comprar por cantidad. Gracias por los servicios .,1
142,2,"Si, de echo los recomiendo!",1
138,1,Si,0
139,1,"1",0
140,2,No,0
141,1,Ok,0
143,2,"Que es √°gil, simple y cumplen con lo acordado.",1
144,1,Los precios son los mejores y la calidad es excelente. La atenci√≥n impecable. Muchas Gracias.,1
148,1,"Es pr√°ctico. 
Exquisita carne.",1
145,2,Si,0
146,1,üí™,0
147,1,"1",0
152,1,Muy Buena,1
149,1,Si,0
151,1,Si,0
153,1,Siempre todo en condiciones y muy buenos productos y precios,1
154,1,Todo ok üî•,1
155,1,Todo de 10!,1
160,2,Muy buenos productos y muy buena atenci√≥n,1
156,2,"Por ahora no, gracias",0
157,1,Por ahora no,0
158,1,"1",0
162,1,"Siempre obtengo mercader√≠a de muy buena calidad, los retiros en planta son r√°pidos, el personal que atiende p√∫blico, es con el √∫nico que se mantiene contacto, es muy servicial y amable. Sigo comprando peri√≥dicamente en Senderos de Raza",1
161,1,"1",0
164,1,Todo muy bien üëèüèºüëèüèº,1
163,2,Si,0
168,1,Much√≠simas gracias!,1
165,2,Hola buen dia! queria consultar aproximadamente cuantos pollos trae la caja,0
166,1,C√≥mo siempre no falla,0
167,3,??,0
169,1,Todo excelente üëæ,1
170,1,"comenzamos a necesitar mas herramientas para poder adquirir productos y servicios de manera remota o virtual, y realmente √©ste sitio cuenta con todo lo que se necesita para vivir una experiencia de compra satisfactoria, con im√°genes, precios publicados, alternativas de pago, env√≠o a domicilio sin cargo, sin dejar de lado el buen precio y una carne espectacular.",1
171,1,üî•üëèüèºüëæ,1
175,1,Todo de 10 ü§ñ,1
172,1,Si,0
173,1,Si!,0
174,1,"1",0
176,1,No,0
110,2,üëçüèª,0
179,1,No,0
182,1,"R√°pido , s√∫per c√≥modo y mercaderia excelente calidad",1
181,1,üëçüèø,0
183,1,Que la calidad es excelente,1
184,1,Buen dia me podes decir en la segunda compra de Rib cuantos kilos son ?,1
186,1,Excelente el servicio y la calidad de los productos que ofrecen,1
185,2,No gracias!,0
187,2,Muy buena y r√°pida la entrega!!,1
188,1,Que son totalmente recomendables y eficientes,1
190,2,"No, ya los he recomendado a mis conocidos",1
193,2,"Muy bueno el sistema, el precio del corte que compr√© tambi√©n... no les puse excelente nomas porque todav√≠a no lo hice pero hasta ahora va todo excelente",1
191,1,Si no hay problema,0
192,1,No,0
194,2,"M√≠ experiencia es muy buena,los productos excelentes,carnes muy tiernas, presentaci√≥n √≥ptima y en m√≠ caso en con delivery, tambi√©n excelente.Estoy muy conforme.",1
195,1,"Desde la atenci√≥n a la calidad del producto y el env√≠o a domicilio, son excelentes. La p√°gina para realizar las compras es muy amigable y f√°cil de utilizar.",1
198,1,"Mmm no. La √∫nica ""critica"" es el horario de atenci√≥n. Pero bueno, uno se acomoda... La calidad lo vale",1
196,1,Ok,0
197,1,?,0
200,1,Me encanta y a mis clientes tambi√©n... todos contentos.,1
201,1,"Muy bien el tema de env√≠o gratis,todo lo que compr√© muy buena calidad y fresco,la presentaci√≥n est√° muy buena",1
202,2,"Genial, gracias por el aviso, quedo a la espera. Saludos! üëãüèº",1
204,1,Que es muy recomendable,1
203,1,N,0
208,2,"Muy buena la p√°gina web y r√°pida la operaci√≥n de compra, muy buena las recetas orientativas y excelente la atenci√≥n de las chicas de expendio",1
205,3,No,0
206,1,Ahora ?,0
207,1,Si no envio calificacion no  entregan,0
209,2,Buenos d√≠as ayer hice un pedido a la tarde . A que hora salen los repartos . Analia Barros,1
211,2,No es problema. Considero que tienen muy buen equilibrio costo/calidad/ servicio,1
210,1,Hola buen d√≠a. Hice compra ayer. Curcio Ramiro. Para calle V√©lez sarfield 863. Ustedes avisan cuando est√©n en camino?,0
180,1,Muy buena todo y buena atenci√≥n,1
212,1,No,0
213,2,No,0
214,1,Ahora no puedo  saludos,0
215,1,No,0
216,1,"Si, excelente mercaderia y servicio de entrega. Recomiendo 100%",1
217,1,Ya estoy en casa por si le queda bien al repartidor,0
218,2,"Cuando retire el pedido compre algo algo que me olvide pero, queria pagarlo en efectivo y debi entrar a la pagina y pagar con tarjeta.. eso no me gusto",1
219,2,SI,0
221,1,El servicio es impecable. De principio a fin.,1
235,2,Muy buena y r√°pida atenci√≥n,1
222,1,No,0
223,1,"Buena predisposici√≥n para la entrega, y productos de excelente calidad.",1
224,2,"No, gracias",0
225,2,üëå,0
226,1,Por ahora no,0
227,1,Si,0
228,1,Excelentes productos ademas de la atencion,1
229,1,"Muy buena calidad y puntualidad. Adem√°s, nos divertimos con las las publicidades.",1
230,1,Despu√©s de comer lo comprado,1
231,1,"No me di cuenta de que el cordero estaba congelado, entiendo fue mi error porque aclaran en la p√°gina pero tal vez una comunicaci√≥n m√°s clara podr√≠a ayudar, el resto impecable",1
232,2,excelente atenci√≥n!,1
421,2,Recomendable 100% en servicio y productos.,1
220,1,Calidad de los productos y atenci√≥n: Muy Bien 10 FELICITADO,1
236,1,"Excelente la atenci√≥n. Hemos probado el T-Bone cocido al horno, BUENISIMO. Felicitaciones por el productoüëèüëèüëè",1
237,1,"recibido, gracias",0
238,1,"Todo muy r√°pido, practico y de calidad.  Gracias",1
239,1,"Nada para agradar. Muy conforme con el servicio y productos. Gracias, saludos!",1
240,2,No,0
241,1,Hola chicos como les va? Sabes que hace un ratito hice una compra por un costi de 4.6kg. Los tienen armados ya? O se puede pedir que no lo marquen por favor? A nombre de augusto caunedo,0
242,1,Excelente atenci√≥n y calidad üëå muchas gracias. Saludos,1
243,1,Si,0
244,1,"Que lo pongan a prueba, no se arrepentir√°n de la experiencia y de los productos adquiridos.",1
245,2,No gracias.,0
246,1,"La carne vacuna siempre es excelente, te venden lo que dicen que es y a un buen precio. Es f√°cil, pr√°ctico y muy r√°pido comprar y tienen cortes que solo se consiguen ah√≠. La √∫nica vez que compr√© bondiola de cerdo no me pareci√≥ muy buena. Los dem√°s productos no los he probado pero la carne vacuna es excelente.",1
247,1,La carne es muy buena y llega en tiempo y en forma,1
248,1,Siempre compro y todo excelente calidad,1
233,1,Si,0
251,2,"Si quiere ahora, d√≠game cuanto y le doy en efectivo",0
252,2,Si,0
287,2,Buenas,0
254,1,Vale destacar trato con el cliente de las cajeras te hace sentir muy como muchas gracias,1
255,1,"Hola, si pero termine comprando por la p√°gina por un tema de precio",1
256,5,"No, nada m√°s",0
258,2,No,0
259,1,"Despu√©s de comer el producto, s√≠",1
260,1,No gracias,0
261,1,Si,0
262,1,Excelente atenci√≥n y excelente calidad del producto,1
263,1,Desde que comenc√© a compar en senderos de  raza la carne me salio espectacular..mejor que en otros lados,1
264,1,Si,0
265,1,Buenos d√≠as,0
266,2,"Buenos d√≠as, puedo pasar a retirar la  compra a nombre de Pablo Carrasco",0
267,2,Por ahora no,0
268,2,No,0
277,1,No,0
269,1,Estuvo bueno la otra vez que enviaron un cup√≥n de descuento. Por ah√≠ podr√≠an hacer algo como un sistema de puntaje para canjear por cupones de % de descuento o similar,1
270,1,Claro,0
271,1,"Si, que compren tranquilos que no se van a arrepentir",1
272,1,No gracias!,0
273,2,Me avisar√≠an porfa si reponen stock de medio costillar as√≠ compro antes de ir a retirar y me traigo todo?,0
274,1,Ok no hay problema,0
275,1,"Muy buena  la calidad de la carne ,las entregas son en tiempo y  forma",1
276,2,Muy buena atenci√≥n y productos.,1
278,2,No √©sta vez... gracias igual!!,0
279,1,No gracias,0
280,2,"No, gracias",0
281,2,"Muy buen producto, atenci√≥n, c√≥modo para hacer las compras y el servicio de entrega a domicilio, espectacular, gracias",1
282,2,"Muy buena calidad y excelente atenci√≥n, lamentablemente a veces falta lo que uno quiere comprar. Pero estoy muy conforme. Gracias",1
283,1,Calidad de primera tanto en servicio como en el producto... Los recomend√© anteriormente y lo seguir√© haciendo,1
284,2,Productos de muy buena calidad y mucha practicidad en el proceso de compra y retiro de la mercader√≠a.,1
285,3,"Cuit 27.11742992.5
Lidia Mabel Galliussi
Illia 44",0
286,1,"Muy buena atenci√≥n en el local y el funcionamiento de la,web para el pedido",1
288,1,C√≥mo ser√≠a?,0
289,3,No gracias,0
290,1,üëç,0
291,1,Bueno me pueden cancelar la compra y devolver la plata?,0
292,1,üëç,0
293,5,Commerce?,0
294,1,üëç,0
295,1,"Excelente servicio y producto, lo recomiendo!",1
296,2,"Muy buena calidad de productos , pero muy buena calidad .",1
297,1,Siempre ha sido excelente,1
298,2,"No nada mas gracias, estoy trabajando en este momento",0
299,1,"No, nada mas",0
253,1,"Todo perfecto! solo un detalle, la pagina a veces no funciona bien y carga en el carrito cualquier cosa.",1
302,2,No,0
303,1,Muy buen servicio y calidad de carne,1
304,1,"Los productos son excelentes y la atencion de las chicas en la recepcion es fenomenal!!!!
Superconforme üëèüëèüëèüëè",1
305,1,Si,0
306,1,No por ahora,0
307,1,"Buenos d√≠as en el dia de ayer realice una compra de queso provoleta. 
Quer√≠a saber para cuando esta designado el reparto ya que tengo que salir de viaje GRACIAS!!!!",0
308,1,Ok,0
309,1,"Compre sobre la hora y pude retirar enseguida.
Tuve que cambiar un producto por carne fresca y tambi√©n fueron flexibles. 
Responden r√°pido por WhatsApp",1
310,1,Muy buena calidad d la carn√© y buenos precios gracias,1
250,1,"ya los califique ademas siempre les comento a mis amigos, a los visitantes se los recomiento no se van a arrepentir",1
311,1,üëç,0
312,2,üëçüëç,0
313,1,Igualmente. Saludos cordiales,0
314,1,Buen√≠simo los espero!,0
315,2,"No a vos en privado,por la compra anterior que te hice..",1
316,1,Muy buen servicio! . Practico a la hora de comprar y los envios. De diez!,1
317,2,Todo perfecto lo unico que estaria buena q cada semana saquen una super oferta de distintos cortes de carne. Saludos,1
318,1,No,0
319,1,"1",0
321,1,Buena la atenci√≥n y muy buena la mercader√≠a no es la primera ves que compro de esta manera,1
322,1,Muy buena atenci√≥n,0
323,1,Buenos d√≠as,0
324,1,No. Gracias,0
325,1,Muy buen servicio r√°pido f√°cil c√≥modo,1
326,1,Si,0
327,2,"Hola Daisi, si claro",0
328,1,Gracias,0
329,1,Compro hace un tiempo y siempre conforme con la calidad de la carne y el servicio de entrega.,1
301,3,No especificaba en p√°gina que el producto  estaba conelado,1
355,5,No,0
356,1,Asi seria,0
357,1,"3",0
358,1,E,0
359,3,No gracias,0
360,5,"2",0
361,1,Si,0
362,1,Como ser√≠a el c√≥digo de descuento,1
363,1,Hasta cu√°ndo es v√°lido el cup√≥n ?,1
364,2,"2",0
365,1,"Hola y buenas tardes, acabo de hacer dos compras por la p√°gina, escribo para pedir si se puede hacer el despacho ma√±ana luego de las 13 por favor",0
366,1,Buenos d√≠as,0
367,1,"Lo mejor, hace mucho soy cliente y la atenci√≥n y calidad es excelente.",1
368,1,Excelente como siempre...,1
369,2,Si. Estoy en casa,0
370,1,Buena calidad de la carne y excelente atencion,0
371,1,son unos genios uds!!,1
372,1,"3",0
373,1,"No, gracias, estoy muy conforme ‚ú®ü§ó",1
374,2,"Disculpas daisi, hacemos consumidor final",1
375,1,Excelente los productos que ofrecen de muy buena calidad y el servicio,1
376,1,"2",0
377,1,En otro momento gracias,0
378,1,ü§î,0
379,1,No fue sencillo y r√°pido,0
380,1,Buen√≠sima calidad y presentaci√≥n en los cortes,1
381,1,si,0
382,1,"1",0
383,1,Si. Dale,0
384,1,Hola buen d√≠a,0
385,1,Hola buen d√≠a,0
386,1,"1",0
387,2,Ok,0
389,1,"1",0
390,1,Si,0
391,1,Excelente todo,1
393,2,Ok,0
395,1,"Muy buena atenci√≥n, la mercader√≠a lleg√≥ rapid√≠sima, en menos de UNA (1)hora, muy din√°mica la forma de pago, la verdad que los calificar√≠a de EXCELENCIA COMERCIAL, muchas gracias !!!!",1
396,1,Ok,0
397,2,Pr√°ctico servicio... Web.. Carrito... Pagas... Vas y retiras sin cola ni espera... Sencillo üëç,1
398,1,Hola ! Muchas gracias ! En el domicilio est√° mi esposa,1
399,1,Una app seria ideal. Y extender entregas a cipolletti,1
400,1,"1",0
401,2,Buenas tardes! Tienen idea cuando estar√°n recibiendo bondiola?,1
402,1,Ok gracias,0
403,3,"Listo ya realice pago, te pido que vengan lunes por favor ya que ma√±ana no estaremos",0
404,3,Gracias.,0
405,1,Hola muchas gracias,0
406,2,Bien. Buen dia,0
407,1,Lo primero lo agil que es comprar y lo otro la excelente calidad de los productos,1
408,1,Hola!,0
409,1,Ok,0
410,2,"Gracias por comunicarte con Damian Pino Seguros. Para gestiones administrativas, denuncias de siniestros y pedido de documentaci√≥n contactate al n√∫mero 2994161989 y ser√°s atendido a la brevedad. Muchas gracias!!!",1
411,1,"al final puede aplicarlo , muchas gracias !!",0
412,1,Hola buenos d√≠as,0
413,1,üëç,0
414,1,üëçüèª,0
415,1,"1",0
416,1,No,0
417,1,Perfecto,0
418,1,Bueno.,0
419,1,Si,0
420,1,"1",0
423,5,"5",0
331,2,"Nono, gracias",0
332,1,"Todo excelente desde la preparaci√≥n a la atenci√≥n y entrega!
Muchas gracias!",1
333,1,Ok,0
334,1,"Espectacular el servicio, soy de general roca, hago el pedido en la ruta y cuando llego solo paso a retirar. Nada de espera.",1
335,1,Hola buen dia como ago para obtener cupones de descuentos,1
336,1,"Todo muy bien. Buena experiencia.  La p√°gina web es intuitiva y f√°cil de navegar, las opciones de pago son varias, el env√≠o a domicilio es r√°pido y con mensajes que te avisan como va el pedido.",1
337,2,Es mi primera compra. Prefiero esperar a probar los productos,1
338,1,No,0
340,1,Si,0
341,2,No,0
342,2,Gracias,0
343,5,"Uh no, pense que era bueno",1
344,1,No no gracias,0
345,1,üëç,0
346,2,Holaa,0
347,1,"Excelente la calidad, muy buenos precio.",1
348,2,No gracias,0
349,1,"Hasta ahora muy buena calidad, y llega en tiempo acordado.",1
350,1,No gracias,0
351,2,"2",0
352,1,üëçüèª,0
1,1,No,0
5,1,Una atenci√≥n espectacular. La carne es de muy buena calidad y el servicio de reparto es excelente,1
25,1,"Si, realmente el servicio es muy bueno, como asi tambi√©n la calidad de los productos. Altamente recomendable",1
28,2,"En cuanto a calidad de productos y atenci√≥n al cliente, 10 puntos.. En precios, antes eran m√°s competitivos, casi sin competencia respecto a otros frigor√≠fico, hoy la mayor√≠a de cortes son m√°s baratos en otros frigor√≠ficos grandes de nqn, hoy compr√© pollo que es lo m√°s barato respecto a otros lugares",1
53,1,"Uf. Mucho para desir estoy muyyyy satisfecha con el servicio... A sido una Gran ayuda para los q trabajamos. Y nos cuesta salir a comprar... Gran iniciativa el env√≠o a Domicilio.

Los productos son excelentes... Y ya eh perdido la cuenta a cuantas personas ya se los recomend√©... Estoy muy Satisfecha... Si me gustar√≠a saber como puedo obtener CUPONES DE DESCUENTO... POR Q REALIZO COMPRAS MUY grandes y Si podr√≠a ser mejor tener esa posibilidad... Gracias.. Muy amables... üëçüëçüëç",1
92,1,"Hace un tiempo que compro en Senderos de Raza, sus productos , son de calidad, precios moderados, entrega segun lo pactado, sin dudas, siempre los recomiendo.",1
103,2,"Puedo decir que la atenci√≥n fue excelente, por ahora no puedo calificar los productos porque reci√©n los acabo de recibir y no los hemos probado. Pero toda la compra fue excelente, tuve un contratiempo al momento de hacer el pago y me guiaron para poder concretarlo. Gracias",1
150,1,"Tienen un muy buen servicio , entrega puerta a puerta ,en tiempo y forma,muy conforme de trabajar con ustedes.",1
159,1,"En pocas palabras: la calidad de los productos es excelente, la p√°gina es simple y directa, bien organizada, el env√≠o a domicilio lo tienen bien aceitado e informan los pasos que dan. En cuanto a precios hay algunos lugares ""algo"" mas economico pero el combo de todo lo mencionado sigue siendo excelente.",1
177,2,"nada mas, gracias",1
178,1,Muy buena carne  y entrega rapida....no se me ocurre nada mas.,1
189,1,"Siempre la mejor calidad en carnes, todas sus variedades. Y excelentes precios y atenci√≥n!!!",1
199,1,"No me gusto, ya es la segunda vez que compro a travez del sitio web a domicilio y ambas veces me llego puro hueso y grasa y a penas un poco de carne, la primera vez pense que era un poco de mala suerte pero ya dos veces es a proposito",1
353,2,Gracias,0
354,1,Hola! Reci√©n hice una compra y me di cuenta que hacen los env√≠os en un horario en el que no estar√© en casa. Les puedo pedir a que lo env√≠en a otra direcci√≥n?,1
388,1,Buenos d√≠as,0
392,2,Los productos de muy buena calidad y la atenci√≥n es excelente,1
394,1,Si en este lugar encuentro productos de calidad y en buen precio nunca me llego algo q no me gustar√° o q tendria la necesidad de devolverla al contrario siempre me quedo m√°s q satisfecha !gracias x su amabilidad y servicio!,1
422,2,Hola buenas tardes,0
424,1,Quiero el queso !!!. despu√©s les.comento que son muy cordiales con los clientes .,1
425,1,X favor tener en cuenta se ponen nerviosos si tocan la puerta y no se puen3n levantar tienen 82 y 83 a√±os,1
320,1,"Y pedile disculpas de mi parte una vez m√°s al chico que me trajo el pedido! ü•≤
Cuando me llamo pens√© que era alguien m√°s, por eso no lo atend√≠ con buena onda ü´†
Muchas gracias por todo! Saludos!!",1
330,1,"Todas las veces que compr√© los productos resultaron muy buenos y de calidad.
La atenci√≥n de las chicas de recepci√≥n es espectacular y  muy atentas.
Es f√°cil comprar x la p√°gina y te avisan apenas est√° listo para retirar!!",1
339,1,"En m√≠ opini√≥n la experiencia de compra es bastante completa, los pasos a seguir son sencillos y el momento del pago tambi√©n est√° bien administrado, aunque hay algunas tarjetas que mercado pago no admite. La p√°gina web tendr√≠a que omitir los productos que no tienen stock o marcarlos por adelantado de que no est√°n disponibles para no obstaculizar la venta, sin embargo son la primera opci√≥n al momento de comprar por internet en m√≠ familia, gracias!",1
234,1,"Ya he comprado varias veces a trav√©s de la p√°gina,  la cual es de muy f√°cil acceso e interactiva. 
Siempre tuve excelentes experiencias. Los productos llegaron en excelente estado de conservaci√≥n. 
La comunicaci√≥n a trav√©s del WhatsApp es muy fluida y contestan enseguida. 
Con respecto a la calidad, he adquirido carne vacuna, cerdo y pescado. Todos muy buenos.
Los precios son razonables y siempre aprovecho las ofertasüëçüèΩ",1
249,1,"Ahhh yo porque estaba a 3 cuadra del l√≠mite y la √∫ltima vez me dijeron que no hab√≠a problema, pero bueno si se complica veo para la pr√≥xima,",0
257,1,Todo muy sencillo. Muy facil la aplicacion para seleccionar los productos y concretar la compra. Muy buena comunicacion y rapidez en la preparacion de la mercaderia. La calidad de los productos son excelentes y los precios muy competitivos,1
300,1,"Si, la compra es muy simple y r√°pida ; la elecci√≥n de productos f√°cil; muy buena calidad de los productos y el servicio domiciliario excelente.",1
